Sentence,LLM Prediction,Explanation,FB Prediction,LLM,FB
The Committee’s monetary policy strategy is designed to promote maximum employment and stable prices across a broad range of economic conditions.,Positive,Reassures readers about consistency and effectiveness of strategy.,neutral,2,1
"The Committee is prepared to use its full range of tools to achieve its maximum employment and price stability goals, particularly if the federal funds rate is constrained by its effective lower bound.",Positive,Demonstrates readiness and adaptability to achieve goals.,positive,2,2
Durably achieving maximum employment fosters broad-based economic opportunities and benefits for all Americans.,Positive,Emphasizes inclusivity and positive societal impact.,positive,2,2
The Committee views maximum employment as the highest level of employment that can be achieved on a sustained basis in a context of price stability.,Neutral,Informative definition without emotional tone.,neutral,1,1
The maximum level of employment is not directly measurable and changes over time owing largely to nonmonetary factors that affect the structure and dynamics of the labor market.,Neutral,Explains complexity; factual statement.,neutral,1,1
"Consequently, it would not be appropriate to specify a fixed goal for employment; rather, the Committee’s policy decisions must be informed by assessments of the maximum level of employment, recognizing that such assessments are necessarily uncertain and subject to revision.",Neutral,Explains uncertainty; cautionary but not negative.,neutral,1,1
The Committee considers a wide range of indicators in making these assessments.,Neutral,Describes methodology.,neutral,1,1
Price stability is essential for a sound and stable economy and supports the well-being of all Americans.,Positive,Highlights importance of price stability for society.,neutral,2,1
"The inflation rate over the longer run is primarily determined by monetary policy, and hence the Committee can specify a longer-run goal for inflation.",Neutral,Factual description of policy capability.,neutral,1,1
"The Committee reaffirms its judgment that inflation at the rate of 2 percent, as measured by the annual change in the price index for personal consumption expenditures, is most consistent over the longer run with the Federal Reserve’s statutory maximum employment and price stability mandates.",Positive,"Confidently sets clear, long-term target.",positive,2,2
The Committee judges that longer-term inflation expectations that are well anchored at 2 percent foster price stability and moderate long-term interest rates and enhance the Committee’s ability to promote maximum employment in the face of significant economic disturbances.,Positive,Reassuring; emphasizes stability and policy effectiveness.,positive,2,2
The Committee is prepared to act forcefully to ensure that longer-term inflation expectations remain well anchored.,Positive,Shows decisiveness and confidence.,positive,2,2
"Monetary policy actions tend to influence economic activity, employment, and prices with a lag.",Neutral,Describes inherent timing effects; factual.,neutral,1,1
"Moreover, sustainably achieving maximum employment and price stability depends on a stable financial system.",Neutral,States necessary condition; factual.,positive,1,2
"Therefore, the Committee’s policy decisions reflect its longer-run goals, its medium-term outlook, and its assessments of the balance of risks, including risks to the financial system that could impede the attainment of the Committee’s goals.",Neutral,Descriptive sentence about considerations in decision-making.,neutral,1,1
The Committee’s employment and inflation objectives are generally complementary.,Positive,Suggests alignment and consistency of policy goals.,neutral,2,1
"However, if the Committee judges that the objectives are not complementary, it follows a balanced approach in promoting them, taking into account the extent of departures from its goals and the potentially different time horizons over which employment and inflation are projected to return to levels judged consistent with its mandate.",Neutral,Explains contingency plan; factual and cautious.,neutral,1,1
The Committee recognizes that employment may at times run above real-time assessments of maximum employment without necessarily creating risks to price stability.,Positive,Reassuring about flexibility and risk management.,neutral,2,1
"The Committee intends to review these principles and to make adjustments as appropriate at its annual organizational meeting each January, and to undertake roughly every 5 years a thorough public review of its monetary policy strategy, tools, and communication practices.",Positive,"Shows accountability, transparency, and adaptability.",neutral,2,1
,,,,,
,,,,,
,LLM Positive,LLM Neutral,FB Positive,FB Neutral,
count,10,9,6,13,
percentage,0.53,0.47,0.32,0.68,
,,,,,
,Agreed,Disagreed,,,